accent,mean_confidence,mean_entropy
american,1.0,3.3893368702337933e-15
british,1.0,1.7419776485634336e-16
indian,0.9903016700464137,0.02804739183947379
