accent,mean_confidence,mean_entropy
american,1.0,3.3893368702337933e-15
british,1.0,6.3050823618391905e-18
indian,0.9999936061936456,5.9786057605626886e-05
