accent,min,max,median,mean,std
american,2.107872238084707e-26,1.161069531534567e-13,4.712496043014116e-26,3.3893368702337933e-15,1.907687914211638e-14
british,1.0673035058686501e-29,1.2956945203629805e-16,2.7320097110169593e-24,6.3050823618391905e-18,2.358053231243326e-17
indian,9.530672882436864e-23,0.0022120841313153505,2.603441169784338e-18,5.9786057605626886e-05,0.0003636643910220706
